No,Bujur,Lintang,Kepercayaan,Kabupaten/Kota,Kecamatan
1,115.7659 BT,0.1731 LS,Sedang,"""KUTAI BARAT""",BARONGTONGKOK
2,116.2467 BT,0.6028 LS,Sedang,"""KUTAI BARAT""",BONGAN
3,115.5626 BT,0.5372 LS,Sedang,"""KUTAI BARAT""",DAMAI
4,115.5416 BT,0.4401 LS,Sedang,"""KUTAI BARAT""",DAMAI
5,116.1130 BT,0.6521 LS,Sedang,"""KUTAI BARAT""",JEMPANG
6,116.2302 BT,0.4602 LS,Rendah,"""KUTAI BARAT""",JEMPANG
7,116.2343 BT,0.4595 LS,Sedang,"""KUTAI BARAT""",JEMPANG
8,116.1660 BT,0.4773 LS,Sedang,"""KUTAI BARAT""",JEMPANG
9,116.1614 BT,0.4743 LS,Sedang,"""KUTAI BARAT""",JEMPANG
10,116.1695 BT,0.4731 LS,Sedang,"""KUTAI BARAT""",JEMPANG
11,116.1655 BT,0.4737 LS,Sedang,"""KUTAI BARAT""",JEMPANG
12,116.1650 BT,0.4701 LS,Sedang,"""KUTAI BARAT""",JEMPANG
13,116.1928 BT,0.4014 LS,Sedang,"""KUTAI BARAT""",JEMPANG
14,116.1882 BT,0.3984 LS,Sedang,"""KUTAI BARAT""",JEMPANG
15,116.1630 BT,0.4720 LS,Rendah,"""KUTAI BARAT""",JEMPANG
16,116.1625 BT,0.4683 LS,Rendah,"""KUTAI BARAT""",JEMPANG
17,115.5711 BT,0.0945 LS,Sedang,"""KUTAI BARAT""",LINGGANGBIGUNG
18,115.4968 BT,0.0961 LS,Sedang,"""KUTAI BARAT""",LINGGANGBIGUNG
19,115.9088 BT,0.3212 LS,Sedang,"""KUTAI BARAT""",MUARAPAHU
20,116.0354 BT,0.2121 LS,Rendah,"""KUTAI BARAT""",MUARAPAHU
21,115.4822 BT,0.3664 LS,Sedang,"""KUTAI BARAT""",NYUATAN
22,115.5398 BT,0.3876 LS,Sedang,"""KUTAI BARAT""",NYUATAN
23,115.5368 BT,0.2440 LS,Sedang,"""KUTAI BARAT""",NYUATAN
24,115.5478 BT,0.2387 LS,Sedang,"""KUTAI BARAT""",NYUATAN
25,115.3117 BT,0.2155 LS,Sedang,"""KUTAI BARAT""",NYUATAN
26,115.3122 BT,0.2190 LS,Sedang,"""KUTAI BARAT""",NYUATAN
27,115.3221 BT,0.2069 LS,Sedang,"""KUTAI BARAT""",NYUATAN
28,115.3797 BT,0.2018 LS,Sedang,"""KUTAI BARAT""",NYUATAN
29,116.1923 BT,0.3978 LS,Sedang,"""KUTAI BARAT""",PENYINGGAHAN
30,116.2765 BT,0.3998 LS,Sedang,"""KUTAI BARAT""",PENYINGGAHAN
31,116.2840 BT,0.3655 LS,Sedang,"""KUTAI BARAT""",PENYINGGAHAN
32,116.1904 BT,0.3973 LS,Rendah,"""KUTAI BARAT""",PENYINGGAHAN
33,116.1909 BT,0.3970 LS,Sedang,"""KUTAI BARAT""",PENYINGGAHAN
34,115.8723 BT,0.9453 LS,Sedang,"""KUTAI BARAT""",SILIQNGURAI
35,115.9010 BT,0.6377 LS,Sedang,"""KUTAI BARAT""",SILIQNGURAI
36,116.2039 BT,0.2767 LU,Sedang,"""KUTAI KARTANEGARA""","""KEMBANG JANGGUT"""
37,116.2080 BT,0.2773 LU,Sedang,"""KUTAI KARTANEGARA""","""KEMBANG JANGGUT"""
38,116.2301 BT,0.2437 LU,Sedang,"""KUTAI KARTANEGARA""","""KEMBANG JANGGUT"""
39,116.0509 BT,0.3730 LU,Sedang,"""KUTAI KARTANEGARA""","""KEMBANG JANGGUT"""
40,116.0468 BT,0.3724 LU,Sedang,"""KUTAI KARTANEGARA""","""KEMBANG JANGGUT"""
41,116.4192 BT,0.2382 LU,Rendah,"""KUTAI KARTANEGARA""","""KEMBANG JANGGUT"""
42,116.4107 BT,0.2369 LU,Sedang,"""KUTAI KARTANEGARA""","""KEMBANG JANGGUT"""
43,116.3751 BT,0.3311 LU,Rendah,"""KUTAI KARTANEGARA""","""KEMBANG JANGGUT"""
44,116.2635 BT,0.4224 LU,Sedang,"""KUTAI KARTANEGARA""","""KEMBANG JANGGUT"""
45,117.3835 BT,0.5042 LS,Sedang,"""KUTAI KARTANEGARA""",ANGGANA
46,117.3906 BT,0.4875 LS,Sedang,"""KUTAI KARTANEGARA""",ANGGANA
47,117.3927 BT,0.4866 LS,Sedang,"""KUTAI KARTANEGARA""",ANGGANA
48,116.4505 BT,0.0713 LS,Sedang,"""KUTAI KARTANEGARA""",KONAHAN
49,116.1478 BT,0.0807 LU,Sedang,"""KUTAI KARTANEGARA""",KONAHAN
50,116.1483 BT,0.0771 LU,Sedang,"""KUTAI KARTANEGARA""",KONAHAN
51,116.1529 BT,0.0742 LU,Sedang,"""KUTAI KARTANEGARA""",KONAHAN
52,116.1535 BT,0.0706 LU,Sedang,"""KUTAI KARTANEGARA""",KONAHAN
53,116.1489 BT,0.0735 LU,Sedang,"""KUTAI KARTANEGARA""",KONAHAN
54,116.1540 BT,0.0670 LU,Sedang,"""KUTAI KARTANEGARA""",KONAHAN
55,116.1290 BT,0.0375 LU,Sedang,"""KUTAI KARTANEGARA""",KONAHAN
56,116.1331 BT,0.0381 LU,Sedang,"""KUTAI KARTANEGARA""",KONAHAN
57,116.1285 BT,0.0411 LU,Sedang,"""KUTAI KARTANEGARA""",KONAHAN
58,116.4495 BT,0.0678 LS,Sedang,"""KUTAI KARTANEGARA""",KONAHAN
59,116.1292 BT,0.0404 LU,Rendah,"""KUTAI KARTANEGARA""",KONAHAN
60,116.4808 BT,0.1937 LS,Sedang,"""KUTAI KARTANEGARA""",KOTABANGUN
61,116.6095 BT,0.2378 LS,Sedang,"""KUTAI KARTANEGARA""",KOTABANGUN
62,116.6047 BT,0.2348 LS,Sedang,"""KUTAI KARTANEGARA""",KOTABANGUN
63,116.6138 BT,0.2372 LS,Sedang,"""KUTAI KARTANEGARA""",KOTABANGUN
64,116.6004 BT,0.2354 LS,Rendah,"""KUTAI KARTANEGARA""",KOTABANGUN
65,116.5961 BT,0.2361 LS,Sedang,"""KUTAI KARTANEGARA""",KOTABANGUN
66,116.5351 BT,0.2377 LS,Sedang,"""KUTAI KARTANEGARA""",KOTABANGUN
67,116.7122 BT,0.4053 LS,Sedang,"""KUTAI KARTANEGARA""",KOTABANGUN
68,117.0060 BT,0.6514 LS,Sedang,"""KUTAI KARTANEGARA""",LOAJANAN
69,116.9158 BT,0.8080 LS,Sedang,"""KUTAI KARTANEGARA""",LOAJANAN
70,117.0633 BT,0.7084 LS,Sedang,"""KUTAI KARTANEGARA""",LOAJANAN
71,117.1430 BT,0.7166 LS,Sedang,"""KUTAI KARTANEGARA""",LOAJANAN
72,117.0599 BT,0.7297 LS,Sedang,"""KUTAI KARTANEGARA""",LOAJANAN
73,117.0591 BT,0.7297 LS,Sedang,"""KUTAI KARTANEGARA""",LOAJANAN
74,117.2354 BT,0.0817 LS,Sedang,"""KUTAI KARTANEGARA""",MARANGKAYU
75,117.3221 BT,0.0242 LU,Sedang,"""KUTAI KARTANEGARA""",MARANGKAYU
76,117.2356 BT,0.3276 LS,Sedang,"""KUTAI KARTANEGARA""",MUARABADAK
77,117.2523 BT,0.3076 LS,Sedang,"""KUTAI KARTANEGARA""",MUARABADAK
78,117.2367 BT,0.3294 LS,Sedang,"""KUTAI KARTANEGARA""",MUARABADAK
79,117.2361 BT,0.3256 LS,Sedang,"""KUTAI KARTANEGARA""",MUARABADAK
80,117.2386 BT,0.3254 LS,Sedang,"""KUTAI KARTANEGARA""",MUARABADAK
81,117.2343 BT,0.3225 LS,Rendah,"""KUTAI KARTANEGARA""",MUARABADAK
82,117.1695 BT,0.7935 LS,Sedang,"""KUTAI KARTANEGARA""",MUARAJAWA
83,117.1702 BT,0.7892 LS,Sedang,"""KUTAI KARTANEGARA""",MUARAJAWA
84,116.8130 BT,0.0115 LS,Sedang,"""KUTAI KARTANEGARA""",MUARAKAMAN
85,116.8175 BT,0.0122 LS,Sedang,"""KUTAI KARTANEGARA""",MUARAKAMAN
86,116.7052 BT,0.0698 LS,Sedang,"""KUTAI KARTANEGARA""",MUARAKAMAN
87,116.7047 BT,0.0661 LS,Sedang,"""KUTAI KARTANEGARA""",MUARAKAMAN
88,116.7003 BT,0.0667 LS,Sedang,"""KUTAI KARTANEGARA""",MUARAKAMAN
89,116.6996 BT,0.0693 LS,Sedang,"""KUTAI KARTANEGARA""",MUARAKAMAN
90,116.6960 BT,0.0674 LS,Sedang,"""KUTAI KARTANEGARA""",MUARAKAMAN
91,116.6905 BT,0.0678 LS,Sedang,"""KUTAI KARTANEGARA""",MUARAKAMAN
92,116.6860 BT,0.0671 LS,Sedang,"""KUTAI KARTANEGARA""",MUARAKAMAN
93,116.6853 BT,0.0716 LS,Sedang,"""KUTAI KARTANEGARA""",MUARAKAMAN
94,116.6898 BT,0.0723 LS,Sedang,"""KUTAI KARTANEGARA""",MUARAKAMAN
95,116.6944 BT,0.0730 LS,Sedang,"""KUTAI KARTANEGARA""",MUARAKAMAN
96,116.6956 BT,0.0532 LS,Sedang,"""KUTAI KARTANEGARA""",MUARAKAMAN
97,116.6979 BT,0.0505 LS,Sedang,"""KUTAI KARTANEGARA""",MUARAKAMAN
98,116.6970 BT,0.0442 LS,Sedang,"""KUTAI KARTANEGARA""",MUARAKAMAN
99,116.7016 BT,0.0449 LS,Sedang,"""KUTAI KARTANEGARA""",MUARAKAMAN
100,116.6986 BT,0.0459 LS,Sedang,"""KUTAI KARTANEGARA""",MUARAKAMAN
101,116.6963 BT,0.0487 LS,Sedang,"""KUTAI KARTANEGARA""",MUARAKAMAN
102,116.6934 BT,0.0497 LS,Sedang,"""KUTAI KARTANEGARA""",MUARAKAMAN
103,116.6941 BT,0.0452 LS,Sedang,"""KUTAI KARTANEGARA""",MUARAKAMAN
104,116.7101 BT,0.0425 LS,Sedang,"""KUTAI KARTANEGARA""",MUARAKAMAN
105,116.9481 BT,0.2417 LU,Sedang,"""KUTAI KARTANEGARA""",MUARAKAMAN
106,116.9681 BT,0.3597 LU,Sedang,"""KUTAI KARTANEGARA""",MUARAKAMAN
107,116.7833 BT,0.1171 LU,Sedang,"""KUTAI KARTANEGARA""",MUARAKAMAN
108,116.7955 BT,0.1265 LU,Sedang,"""KUTAI KARTANEGARA""",MUARAKAMAN
109,116.7707 BT,0.0714 LU,Sedang,"""KUTAI KARTANEGARA""",MUARAKAMAN
110,116.7547 BT,0.0272 LU,Sedang,"""KUTAI KARTANEGARA""",MUARAKAMAN
111,116.7646 BT,0.0211 LU,Sedang,"""KUTAI KARTANEGARA""",MUARAKAMAN
112,116.7652 BT,0.0174 LU,Sedang,"""KUTAI KARTANEGARA""",MUARAKAMAN
113,116.7514 BT,0.0191 LU,Sedang,"""KUTAI KARTANEGARA""",MUARAKAMAN
114,116.7525 BT,0.0117 LU,Sedang,"""KUTAI KARTANEGARA""",MUARAKAMAN
115,116.7965 BT,0.0003 LU,Sedang,"""KUTAI KARTANEGARA""",MUARAKAMAN
116,116.7972 BT,0.0048 LU,Sedang,"""KUTAI KARTANEGARA""",MUARAKAMAN
117,116.8132 BT,0.0128 LS,Sedang,"""KUTAI KARTANEGARA""",MUARAKAMAN
118,116.8154 BT,0.0142 LS,Sedang,"""KUTAI KARTANEGARA""",MUARAKAMAN
119,116.7030 BT,0.0675 LS,Sedang,"""KUTAI KARTANEGARA""",MUARAKAMAN
120,116.7005 BT,0.0467 LS,Sedang,"""KUTAI KARTANEGARA""",MUARAKAMAN
121,116.6973 BT,0.0497 LS,Sedang,"""KUTAI KARTANEGARA""",MUARAKAMAN
122,116.7974 BT,0.0679 LU,Sedang,"""KUTAI KARTANEGARA""",MUARAKAMAN
123,116.7935 BT,0.0674 LU,Sedang,"""KUTAI KARTANEGARA""",MUARAKAMAN
124,116.7940 BT,0.0638 LU,Sedang,"""KUTAI KARTANEGARA""",MUARAKAMAN
125,116.3869 BT,0.3722 LS,Sedang,"""KUTAI KARTANEGARA""",MUARAMUNTAI
126,116.3000 BT,0.4495 LS,Sedang,"""KUTAI KARTANEGARA""",MUARAMUNTAI
127,116.3203 BT,0.4722 LS,Sedang,"""KUTAI KARTANEGARA""",MUARAMUNTAI
128,116.2959 BT,0.4501 LS,Sedang,"""KUTAI KARTANEGARA""",MUARAMUNTAI
129,116.3097 BT,0.4296 LS,Sedang,"""KUTAI KARTANEGARA""",MUARAMUNTAI
130,116.3631 BT,0.4177 LS,Sedang,"""KUTAI KARTANEGARA""",MUARAMUNTAI
131,116.4214 BT,0.3613 LS,Rendah,"""KUTAI KARTANEGARA""",MUARAMUNTAI
132,116.3095 BT,0.4274 LS,Rendah,"""KUTAI KARTANEGARA""",MUARAMUNTAI
133,116.4786 BT,0.3249 LS,Sedang,"""KUTAI KARTANEGARA""",MUARAWIS
134,116.2737 BT,0.1801 LS,Sedang,"""KUTAI KARTANEGARA""",MUARAWIS
135,117.2833 BT,0.6438 LS,Sedang,"""KUTAI KARTANEGARA""",SANGASANGA
136,117.1178 BT,0.1540 LS,Sedang,"""KUTAI KARTANEGARA""",SEBILU
137,117.1135 BT,0.1534 LS,Sedang,"""KUTAI KARTANEGARA""",SEBILU
138,116.0493 BT,0.4445 LU,Sedang,"""KUTAI KARTANEGARA""",TABANG
139,115.9909 BT,0.5274 LU,Sedang,"""KUTAI KARTANEGARA""",TABANG
140,115.9916 BT,0.5260 LU,Sedang,"""KUTAI KARTANEGARA""",TABANG
141,115.9836 BT,0.6091 LU,Sedang,"""KUTAI KARTANEGARA""",TABANG
142,117.4566 BT,0.4303 LU,Sedang,"""KUTAI TIMUR""","""SANGATTA SELATAN"""
143,117.4560 BT,0.4342 LU,Sedang,"""KUTAI TIMUR""","""SANGATTA SELATAN"""
144,117.5425 BT,0.3788 LU,Sedang,"""KUTAI TIMUR""","""SANGATTA SELATAN"""
145,117.4580 BT,0.4335 LU,Sedang,"""KUTAI TIMUR""","""SANGATTA SELATAN"""
146,117.4937 BT,0.5986 LU,Sedang,"""KUTAI TIMUR""","""SANGATTA UTARA"""
147,117.4942 BT,0.6029 LU,Sedang,"""KUTAI TIMUR""","""SANGATTA UTARA"""
148,117.4891 BT,0.6037 LU,Sedang,"""KUTAI TIMUR""","""SANGATTA UTARA"""
149,117.4897 BT,0.6035 LU,Sedang,"""KUTAI TIMUR""","""SANGATTA UTARA"""
150,116.7507 BT,0.7270 LU,Sedang,"""KUTAI TIMUR""",BATUAMPAR
151,116.7574 BT,0.7276 LU,Sedang,"""KUTAI TIMUR""",BATUAMPAR
152,116.9912 BT,0.6473 LU,Sedang,"""KUTAI TIMUR""",BATUAMPAR
153,116.7595 BT,0.6966 LU,Sedang,"""KUTAI TIMUR""",BATUAMPAR
154,117.1785 BT,0.9309 LU,Sedang,"""KUTAI TIMUR""",BENGALON
155,117.1828 BT,0.9302 LU,Sedang,"""KUTAI TIMUR""",BENGALON
156,117.1839 BT,0.9251 LU,Sedang,"""KUTAI TIMUR""",BENGALON
157,117.1821 BT,0.9258 LU,Sedang,"""KUTAI TIMUR""",BENGALON
158,117.1785 BT,0.9282 LU,Sedang,"""KUTAI TIMUR""",BENGALON
159,117.1910 BT,0.9557 LU,Sedang,"""KUTAI TIMUR""",BENGALON
160,117.1270 BT,0.9578 LU,Sedang,"""KUTAI TIMUR""",BENGALON
161,117.0830 BT,0.9591 LU,Sedang,"""KUTAI TIMUR""",BENGALON
162,117.0721 BT,1.0148 LU,Sedang,"""KUTAI TIMUR""",BENGALON
163,117.0668 BT,1.0179 LU,Sedang,"""KUTAI TIMUR""",BENGALON
164,117.0747 BT,1.0165 LU,Sedang,"""KUTAI TIMUR""",BENGALON
165,117.0685 BT,1.0065 LU,Sedang,"""KUTAI TIMUR""",BENGALON
166,117.0826 BT,1.0085 LU,Sedang,"""KUTAI TIMUR""",BENGALON
167,117.1310 BT,1.0432 LU,Sedang,"""KUTAI TIMUR""",BENGALON
168,117.1208 BT,1.0141 LU,Sedang,"""KUTAI TIMUR""",BENGALON
169,117.5556 BT,0.6508 LU,Sedang,"""KUTAI TIMUR""",BENGALON
170,117.5550 BT,0.6465 LU,Sedang,"""KUTAI TIMUR""",BENGALON
171,117.4680 BT,0.6883 LU,Sedang,"""KUTAI TIMUR""",BENGALON
172,117.5548 BT,0.6854 LU,Sedang,"""KUTAI TIMUR""",BENGALON
173,117.5522 BT,0.6888 LU,Sedang,"""KUTAI TIMUR""",BENGALON
174,117.5543 BT,0.6894 LU,Sedang,"""KUTAI TIMUR""",BENGALON
175,117.5563 BT,0.6882 LU,Sedang,"""KUTAI TIMUR""",BENGALON
176,117.5597 BT,0.6833 LU,Sedang,"""KUTAI TIMUR""",BENGALON
177,117.5604 BT,0.6823 LU,Sedang,"""KUTAI TIMUR""",BENGALON
178,117.5643 BT,0.6803 LU,Sedang,"""KUTAI TIMUR""",BENGALON
179,117.5665 BT,0.6751 LU,Sedang,"""KUTAI TIMUR""",BENGALON
180,117.2845 BT,0.8733 LU,Sedang,"""KUTAI TIMUR""",BENGALON
181,117.1313 BT,0.9489 LU,Sedang,"""KUTAI TIMUR""",BENGALON
182,117.1764 BT,0.9211 LU,Sedang,"""KUTAI TIMUR""",BENGALON
183,117.1791 BT,0.9285 LU,Sedang,"""KUTAI TIMUR""",BENGALON
184,117.1759 BT,0.9245 LU,Rendah,"""KUTAI TIMUR""",BENGALON
185,117.1936 BT,0.9866 LU,Sedang,"""KUTAI TIMUR""",BENGALON
186,117.1260 BT,0.9587 LU,Sedang,"""KUTAI TIMUR""",BENGALON
187,117.0841 BT,0.9593 LU,Sedang,"""KUTAI TIMUR""",BENGALON
188,117.0836 BT,0.9627 LU,Sedang,"""KUTAI TIMUR""",BENGALON
189,117.0976 BT,1.0447 LU,Sedang,"""KUTAI TIMUR""",BENGALON
190,117.1230 BT,1.0284 LU,Rendah,"""KUTAI TIMUR""",BENGALON
191,117.5562 BT,0.6494 LU,Sedang,"""KUTAI TIMUR""",BENGALON
192,117.5549 BT,0.6485 LU,Sedang,"""KUTAI TIMUR""",BENGALON
193,117.4678 BT,0.7060 LU,Sedang,"""KUTAI TIMUR""",BENGALON
194,117.4664 BT,0.7057 LU,Sedang,"""KUTAI TIMUR""",BENGALON
195,117.5509 BT,0.6928 LU,Sedang,"""KUTAI TIMUR""",BENGALON
196,117.5494 BT,0.6920 LU,Sedang,"""KUTAI TIMUR""",BENGALON
197,117.5557 BT,0.6910 LU,Sedang,"""KUTAI TIMUR""",BENGALON
198,117.5558 BT,0.6850 LU,Sedang,"""KUTAI TIMUR""",BENGALON
199,117.5623 BT,0.6839 LU,Sedang,"""KUTAI TIMUR""",BENGALON
200,117.5608 BT,0.6830 LU,Sedang,"""KUTAI TIMUR""",BENGALON
201,117.5610 BT,0.6832 LU,Rendah,"""KUTAI TIMUR""",BENGALON
202,117.5674 BT,0.6761 LU,Sedang,"""KUTAI TIMUR""",BENGALON
203,117.5658 BT,0.6751 LU,Sedang,"""KUTAI TIMUR""",BENGALON
204,117.5610 BT,0.6771 LU,Sedang,"""KUTAI TIMUR""",BENGALON
205,116.5454 BT,0.9158 LU,Sedang,"""KUTAI TIMUR""",BUSANG
206,116.5464 BT,0.8113 LU,Sedang,"""KUTAI TIMUR""",BUSANG
207,116.4047 BT,0.7783 LU,Sedang,"""KUTAI TIMUR""",BUSANG
208,116.5445 BT,0.9195 LU,Sedang,"""KUTAI TIMUR""",BUSANG
209,116.5606 BT,0.7524 LU,Sedang,"""KUTAI TIMUR""",BUSANG
210,116.4035 BT,0.7788 LU,Rendah,"""KUTAI TIMUR""",BUSANG
211,117.6291 BT,1.3540 LU,Sedang,"""KUTAI TIMUR""",KARANGAN
212,117.6699 BT,1.3642 LU,Sedang,"""KUTAI TIMUR""",KARANGAN
213,117.6470 BT,1.2135 LU,Sedang,"""KUTAI TIMUR""",KARANGAN
214,117.6471 BT,1.2118 LU,Sedang,"""KUTAI TIMUR""",KARANGAN
215,117.6457 BT,1.2119 LU,Rendah,"""KUTAI TIMUR""",KARANGAN
216,117.7394 BT,1.1868 LU,Sedang,"""KUTAI TIMUR""",KAUBUN
217,117.7424 BT,0.9341 LU,Sedang,"""KUTAI TIMUR""",KAUBUN
218,117.8412 BT,0.9900 LU,Sedang,"""KUTAI TIMUR""",KAUBUN
219,117.8779 BT,1.0543 LU,Sedang,"""KUTAI TIMUR""",KAUBUN
220,117.0396 BT,1.0726 LU,Sedang,"""KUTAI TIMUR""",KOMBENG
221,116.9987 BT,1.2127 LU,Sedang,"""KUTAI TIMUR""",KOMBENG
222,117.0092 BT,1.2271 LU,Sedang,"""KUTAI TIMUR""",KOMBENG
223,117.0065 BT,1.2255 LU,Sedang,"""KUTAI TIMUR""",KOMBENG
224,117.0097 BT,1.2233 LU,Sedang,"""KUTAI TIMUR""",KOMBENG
225,117.0279 BT,1.2300 LU,Sedang,"""KUTAI TIMUR""",KOMBENG
226,117.1428 BT,1.1646 LU,Sedang,"""KUTAI TIMUR""",KOMBENG
227,117.1377 BT,1.1653 LU,Sedang,"""KUTAI TIMUR""",KOMBENG
228,117.0530 BT,1.1908 LU,Sedang,"""KUTAI TIMUR""",KOMBENG
229,117.0525 BT,1.1946 LU,Sedang,"""KUTAI TIMUR""",KOMBENG
230,117.0247 BT,1.2321 LU,Sedang,"""KUTAI TIMUR""",KOMBENG
231,116.9860 BT,1.2342 LU,Sedang,"""KUTAI TIMUR""",KOMBENG
232,116.8945 BT,1.3095 LU,Sedang,"""KUTAI TIMUR""",KOMBENG
233,116.8936 BT,1.3099 LU,Sedang,"""KUTAI TIMUR""",KOMBENG
234,117.0830 BT,1.1162 LU,Sedang,"""KUTAI TIMUR""",KOMBENG
235,117.1584 BT,1.2185 LU,Sedang,"""KUTAI TIMUR""",KOMBENG
236,117.1298 BT,1.1826 LU,Sedang,"""KUTAI TIMUR""",KOMBENG
237,117.2032 BT,1.3681 LU,Sedang,"""KUTAI TIMUR""",KOMBENG
238,116.7319 BT,0.5847 LU,Sedang,"""KUTAI TIMUR""",LONGMESANGAT
239,116.7684 BT,0.4674 LU,Rendah,"""KUTAI TIMUR""",MUARABENGKAL
240,116.7498 BT,0.4646 LU,Sedang,"""KUTAI TIMUR""",MUARABENGKAL
241,116.7586 BT,0.4575 LU,Sedang,"""KUTAI TIMUR""",MUARABENGKAL
242,116.9786 BT,0.9550 LU,Sedang,"""KUTAI TIMUR""",MUARAWAHAU
243,116.6545 BT,1.3163 LU,Sedang,"""KUTAI TIMUR""",MUARAWAHAU
244,116.6551 BT,1.3126 LU,Sedang,"""KUTAI TIMUR""",MUARAWAHAU
245,116.6365 BT,1.3136 LU,Sedang,"""KUTAI TIMUR""",MUARAWAHAU
246,116.6507 BT,1.3426 LU,Sedang,"""KUTAI TIMUR""",MUARAWAHAU
247,117.0557 BT,0.8388 LU,Sedang,"""KUTAI TIMUR""",RANTAUPULUNG
248,117.0875 BT,0.8514 LU,Sedang,"""KUTAI TIMUR""",RANTAUPULUNG
249,117.0980 BT,0.8452 LU,Sedang,"""KUTAI TIMUR""",RANTAUPULUNG
250,117.1343 BT,0.8310 LU,Sedang,"""KUTAI TIMUR""",RANTAUPULUNG
251,117.1064 BT,0.8250 LU,Sedang,"""KUTAI TIMUR""",RANTAUPULUNG
252,117.1021 BT,0.8257 LU,Sedang,"""KUTAI TIMUR""",RANTAUPULUNG
253,117.0881 BT,0.8233 LU,Sedang,"""KUTAI TIMUR""",RANTAUPULUNG
254,117.0926 BT,0.8227 LU,Sedang,"""KUTAI TIMUR""",RANTAUPULUNG
255,117.1199 BT,0.6893 LU,Sedang,"""KUTAI TIMUR""",RANTAUPULUNG
256,117.0812 BT,0.6806 LU,Sedang,"""KUTAI TIMUR""",RANTAUPULUNG
257,117.0859 BT,0.6813 LU,Sedang,"""KUTAI TIMUR""",RANTAUPULUNG
258,117.0766 BT,0.6799 LU,Sedang,"""KUTAI TIMUR""",RANTAUPULUNG
259,117.0649 BT,0.7046 LU,Sedang,"""KUTAI TIMUR""",RANTAUPULUNG
260,117.0346 BT,0.7889 LU,Sedang,"""KUTAI TIMUR""",RANTAUPULUNG
261,117.0381 BT,0.7902 LU,Sedang,"""KUTAI TIMUR""",RANTAUPULUNG
262,117.0799 BT,0.6570 LU,Sedang,"""KUTAI TIMUR""",RANTAUPULUNG
263,117.1990 BT,0.5237 LU,Sedang,"""KUTAI TIMUR""",RANTAUPULUNG
264,117.2189 BT,0.4875 LU,Sedang,"""KUTAI TIMUR""",RANTAUPULUNG
265,117.0558 BT,0.8394 LU,Sedang,"""KUTAI TIMUR""",RANTAUPULUNG
266,117.0847 BT,0.8509 LU,Rendah,"""KUTAI TIMUR""",RANTAUPULUNG
267,117.0891 BT,0.8231 LU,Sedang,"""KUTAI TIMUR""",RANTAUPULUNG
268,117.1209 BT,0.6894 LU,Sedang,"""KUTAI TIMUR""",RANTAUPULUNG
269,117.0526 BT,0.7108 LU,Sedang,"""KUTAI TIMUR""",RANTAUPULUNG
270,117.0521 BT,0.7132 LU,Sedang,"""KUTAI TIMUR""",RANTAUPULUNG
271,117.1226 BT,0.6263 LU,Sedang,"""KUTAI TIMUR""",RANTAUPULUNG
272,117.2481 BT,0.4993 LU,Sedang,"""KUTAI TIMUR""",RANTAUPULUNG
273,118.5315 BT,0.9788 LU,Sedang,"""KUTAI TIMUR""",SANDARAN
274,117.0092 BT,0.7585 LU,Sedang,"""KUTAI TIMUR""",TELEN
275,116.8991 BT,0.7805 LU,Sedang,"""KUTAI TIMUR""",TELEN
276,116.8702 BT,0.8186 LU,Sedang,"""KUTAI TIMUR""",TELEN
277,116.8742 BT,0.8230 LU,Sedang,"""KUTAI TIMUR""",TELEN
278,116.8662 BT,0.8141 LU,Sedang,"""KUTAI TIMUR""",TELEN
279,116.7834 BT,0.8400 LU,Sedang,"""KUTAI TIMUR""",TELEN
280,116.8093 BT,0.8209 LU,Sedang,"""KUTAI TIMUR""",TELEN
281,116.8070 BT,0.8052 LU,Sedang,"""KUTAI TIMUR""",TELEN
282,116.7787 BT,0.7779 LU,Sedang,"""KUTAI TIMUR""",TELEN
283,117.4137 BT,0.2589 LU,Sedang,"""KUTAI TIMUR""",TELUKPANDAN
284,117.4143 BT,0.2550 LU,Sedang,"""KUTAI TIMUR""",TELUKPANDAN
285,117.5422 BT,0.3468 LU,Sedang,"""KUTAI TIMUR""",TELUKPANDAN
286,117.4132 BT,0.2591 LU,Tinggi,"""KUTAI TIMUR""",TELUKPANDAN
287,115.4242 BT,0.3901 LU,Sedang,"""MAHAKAM ULU""",LONGBAGUN
288,115.3794 BT,0.5061 LU,Sedang,"""MAHAKAM ULU""",LONGBAGUN
289,115.0121 BT,0.7302 LU,Sedang,"""MAHAKAM ULU""",LONGBAGUN
290,115.4922 BT,0.3026 LU,Sedang,"""MAHAKAM ULU""",LONGHUBUNG
291,116.5083 BT,1.5650 LS,Sedang,"""PENAJAM PASER UTARA""",BABULU
292,116.5074 BT,1.5633 LS,Sedang,"""PENAJAM PASER UTARA""",BABULU
293,118.3079 BT,1.4256 LU,Sedang,BERAU,BATUPUTIH
294,118.2406 BT,1.4072 LU,Sedang,BERAU,BATUPUTIH
295,118.2388 BT,1.4197 LU,Sedang,BERAU,BATUPUTIH
296,118.2187 BT,1.4252 LU,Sedang,BERAU,BATUPUTIH
297,118.2150 BT,1.4247 LU,Sedang,BERAU,BATUPUTIH
298,118.2835 BT,1.4604 LU,Sedang,BERAU,BATUPUTIH
299,118.3057 BT,1.4406 LU,Sedang,BERAU,BATUPUTIH
300,118.2397 BT,1.4068 LU,Sedang,BERAU,BATUPUTIH
301,118.2272 BT,1.4185 LU,Sedang,BERAU,BATUPUTIH
302,118.2377 BT,1.4201 LU,Sedang,BERAU,BATUPUTIH
303,118.0354 BT,1.6646 LU,Sedang,BERAU,BIATAN
304,117.9340 BT,1.4703 LU,Sedang,BERAU,BIATAN
305,117.9364 BT,1.4448 LU,Sedang,BERAU,BIATAN
306,118.4143 BT,1.3376 LU,Sedang,BERAU,BIDUK-BIDUK
307,118.4104 BT,1.3370 LU,Rendah,BERAU,BIDUK-BIDUK
308,118.3697 BT,1.3182 LU,Sedang,BERAU,BIDUK-BIDUK
309,118.4050 BT,1.3491 LU,Sedang,BERAU,BIDUK-BIDUK
310,118.7036 BT,1.2269 LU,Sedang,BERAU,BIDUK-BIDUK
311,118.4039 BT,1.3535 LU,Sedang,BERAU,BIDUK-BIDUK
312,117.4814 BT,2.2383 LU,Sedang,BERAU,GUNUNGTABUR
313,117.6563 BT,2.2193 LU,Sedang,BERAU,GUNUNGTABUR
314,117.4841 BT,2.3770 LU,Sedang,BERAU,GUNUNGTABUR
315,117.2555 BT,1.4668 LU,Sedang,BERAU,KELAY
316,117.0192 BT,1.5634 LU,Sedang,BERAU,KELAY
317,118.0052 BT,2.3493 LU,Sedang,BERAU,PULAUDERAWAN
318,118.0047 BT,2.3534 LU,Sedang,BERAU,PULAUDERAWAN
319,118.0033 BT,2.3508 LU,Sedang,BERAU,PULAUDERAWAN
320,118.0068 BT,2.3514 LU,Sedang,BERAU,PULAUDERAWAN
321,118.0063 BT,2.3547 LU,Sedang,BERAU,PULAUDERAWAN
322,117.8003 BT,1.8955 LU,Sedang,BERAU,SAMBALIUNG
323,117.5557 BT,2.0044 LU,Sedang,BERAU,SAMBALIUNG
324,117.5240 BT,2.0038 LU,Sedang,BERAU,SAMBALIUNG
325,117.5244 BT,1.9998 LU,Sedang,BERAU,SAMBALIUNG
326,117.3015 BT,1.9325 LU,Sedang,BERAU,SAMBALIUNG
327,117.8145 BT,2.0922 LU,Sedang,BERAU,SAMBALIUNG
328,117.6153 BT,2.0001 LU,Sedang,BERAU,SAMBALIUNG
329,117.2921 BT,1.9574 LU,Sedang,BERAU,SAMBALIUNG
330,117.2595 BT,1.9524 LU,Rendah,BERAU,SAMBALIUNG
331,117.1262 BT,2.1567 LU,Rendah,BERAU,SEGAH
332,117.0672 BT,2.2322 LU,Sedang,BERAU,SEGAH
333,117.0757 BT,2.0409 LU,Sedang,BERAU,SEGAH
334,117.1026 BT,2.2973 LU,Sedang,BERAU,SEGAH
335,117.1117 BT,2.0415 LU,Sedang,BERAU,SEGAH
336,117.1021 BT,2.2981 LU,Sedang,BERAU,SEGAH
337,117.8645 BT,1.7843 LU,Sedang,BERAU,TABALAR
338,117.8649 BT,1.7845 LU,Sedang,BERAU,TABALAR
339,117.9397 BT,1.7541 LU,Sedang,BERAU,TABALAR
340,117.9476 BT,1.6968 LU,Sedang,BERAU,TABALAR
341,117.9475 BT,1.7260 LU,Sedang,BERAU,TABALAR
342,117.9507 BT,1.7558 LU,Sedang,BERAU,TABALAR
343,117.9507 BT,1.7611 LU,Sedang,BERAU,TABALAR
344,117.9501 BT,1.7599 LU,Sedang,BERAU,TABALAR
345,117.9458 BT,1.7299 LU,Sedang,BERAU,TABALAR
346,117.9464 BT,1.7265 LU,Rendah,BERAU,TABALAR
347,117.8525 BT,1.7293 LU,Sedang,BERAU,TABALAR
348,117.9479 BT,1.6970 LU,Sedang,BERAU,TABALAR
349,117.9474 BT,1.7003 LU,Sedang,BERAU,TABALAR
350,117.8001 BT,1.8326 LU,Sedang,BERAU,TABALAR
351,118.0946 BT,1.5949 LU,Sedang,BERAU,TALISAYAN
352,118.1675 BT,1.6168 LU,Sedang,BERAU,TALISAYAN
353,118.1148 BT,1.5854 LU,Sedang,BERAU,TALISAYAN
354,118.1422 BT,1.5811 LU,Sedang,BERAU,TALISAYAN
355,118.1650 BT,1.4257 LU,Sedang,BERAU,TALISAYAN
356,118.1661 BT,1.4248 LU,Sedang,BERAU,TALISAYAN
357,118.1623 BT,1.4254 LU,Sedang,BERAU,TALISAYAN
358,118.1937 BT,1.4130 LU,Sedang,BERAU,TALISAYAN
359,118.2144 BT,1.4288 LU,Sedang,BERAU,TALISAYAN
360,118.2182 BT,1.4294 LU,Sedang,BERAU,TALISAYAN
361,118.2252 BT,1.4347 LU,Sedang,BERAU,TALISAYAN
362,118.1745 BT,1.5188 LU,Sedang,BERAU,TALISAYAN
363,118.2110 BT,1.5279 LU,Sedang,BERAU,TALISAYAN
364,118.1846 BT,1.5240 LU,Sedang,BERAU,TALISAYAN
365,118.2416 BT,1.5579 LU,Sedang,BERAU,TALISAYAN
366,118.0939 BT,1.5839 LU,Rendah,BERAU,TALISAYAN
367,118.1403 BT,1.5841 LU,Sedang,BERAU,TALISAYAN
368,118.1649 BT,1.4250 LU,Sedang,BERAU,TALISAYAN
369,118.2188 BT,1.4275 LU,Sedang,BERAU,TALISAYAN
370,118.2176 BT,1.4296 LU,Sedang,BERAU,TALISAYAN
371,118.2241 BT,1.4340 LU,Sedang,BERAU,TALISAYAN
372,118.1822 BT,1.5230 LU,Sedang,BERAU,TALISAYAN
373,118.2095 BT,1.5306 LU,Sedang,BERAU,TALISAYAN
374,118.2144 BT,1.5647 LU,Sedang,BERAU,TALISAYAN
375,117.5038 BT,2.1568 LU,Rendah,BERAU,TANJUNGREDEB
376,115.8465 BT,1.9241 LS,Sedang,PASER,"""BATU SOPANG"""
377,115.8607 BT,1.8694 LS,Sedang,PASER,"""BATU SOPANG"""
378,115.9243 BT,2.0050 LS,Sedang,PASER,"""MUARA SAMU"""
379,115.9475 BT,1.9938 LS,Sedang,PASER,"""MUARA SAMU"""
380,116.2071 BT,2.0993 LS,Sedang,PASER,BATUENGAU
381,116.2051 BT,2.1026 LS,Sedang,PASER,BATUENGAU
382,116.2025 BT,2.0986 LS,Sedang,PASER,BATUENGAU
383,116.0648 BT,2.2326 LS,Sedang,PASER,BATUENGAU
384,116.2597 BT,2.1991 LS,Sedang,PASER,BATUENGAU
385,116.2675 BT,2.2524 LS,Sedang,PASER,BATUENGAU
386,116.2676 BT,2.2520 LS,Sedang,PASER,BATUENGAU
387,116.1807 BT,2.2616 LS,Sedang,PASER,BATUENGAU
388,116.2052 BT,2.1011 LS,Sedang,PASER,BATUENGAU
389,116.0521 BT,1.6835 LS,Sedang,PASER,KUARO
390,116.0581 BT,1.6763 LS,Sedang,PASER,KUARO
391,116.0651 BT,1.6791 LS,Sedang,PASER,KUARO
392,116.0639 BT,1.6794 LS,Sedang,PASER,KUARO
393,116.0633 BT,1.6757 LS,Sedang,PASER,KUARO
394,115.7014 BT,1.6440 LS,Sedang,PASER,MUARAKOMAM
395,116.0235 BT,1.9098 LS,Sedang,PASER,PASIRBALENGKONG
396,116.0231 BT,1.9062 LS,Sedang,PASER,PASIRBALENGKONG
397,116.3348 BT,2.0347 LS,Sedang,PASER,PASIRBALENGKONG
398,115.9957 BT,1.9789 LS,Rendah,PASER,PASIRBALENGKONG
399,116.0233 BT,1.9090 LS,Sedang,PASER,PASIRBALENGKONG
400,116.0227 BT,1.9053 LS,Sedang,PASER,PASIRBALENGKONG
401,116.5079 BT,2.2934 LS,Sedang,PASER,TANJUNGHARAPAN
402,116.5072 BT,2.2930 LS,Rendah,PASER,TANJUNGHARAPAN
